Wrap It Deli,$6 off your order of $15+,Deli

Oaked,25% off your order,American

Sakura Nami,$5 off your order of $50+,Burritos

Mac Daddy's,$5 off your order of $15+,Dessert

Capital Greens,$6 off your order of $15+,Salads

Calzones,$5 off your order,Calzones

Bricks Wood Fired Pizza - Downtown Lombard,$5 off your order,Lunch Specials

Petey Pastas,"Free ""Specialty Pastas"" item with your order of $30+",Dessert

Desi Diner,$5 off your order,Indian

The White Chocolate Grill,$5 off your order of $22+,American

Capital Greens,25% off your order,Salads

Simple Greek,$5 off your order,Bowls

Masala vibes,$5 off your order,Indian

Surf's Up Lombard,20% off your order,Chicken

BACK Again Burgers,$3 off your order of $15+,Hamburgers

Nachos Muchachos,$5 off your order,Mexican

La Pina Cantina Mexican Grill,$5 off your order,Mexican

Bigsuchir Restaurent & Banquet,$5 off your order,American

Maxed out!,$5 off your order of $15+,American

Capital Greens,$5 off your order,Healthy

